{
    "loss": 1.75838041305542,
    "accuracy": 0.8544945120811462
}